CREATE SCHEMA student;
CREATE TABLE student.students (_id VARCHAR(255) PRIMARY KEY, age FLOAT, name VARCHAR(255), subject VARCHAR(255));
INSERT INTO student.students (_id, age, name, subject) VALUES ('64798c213f273a7ca2cf516a', 25, 'Nathan Lindgren', 'Maths');
INSERT INTO student.students (_id, age, name, subject) VALUES ('64798c213f273a7ca2cf516b', 18, 'Meggie Hoppe', 'English');
CREATE SCHEMA employee;
CREATE TABLE employee.employees (_id VARCHAR(255) PRIMARY KEY, age FLOAT, name VARCHAR(255), position VARCHAR(255), salary FLOAT);
INSERT INTO employee.employees (_id, age, name, position, salary) VALUES ('64798c213f273a7ca2cf516c', 35, 'Raymond Monahan', 'Engineer', 3767.925634753098);
CREATE TABLE employee.employees_address (_id VARCHAR(255) PRIMARY KEY, employees__id VARCHAR(255), line1 VARCHAR(255), zip VARCHAR(255));
INSERT INTO employee.employees_address (_id, employees__id, line1, zip) VALUES ('imklCVYKH0A30Vw7', '64798c213f273a7ca2cf516c', '32550 Port Gatewaytown', '18399');
INSERT INTO employee.employees_address (_id, employees__id, line1, zip) VALUES ('tdadB4OBmWD9uUKf', '64798c213f273a7ca2cf516c', '3840 Cornermouth', '83941');
CREATE TABLE employee.employees_phone (_id VARCHAR(255) PRIMARY KEY, employees__id VARCHAR(255), personal VARCHAR(255), work VARCHAR(255));
INSERT INTO employee.employees_phone (_id, employees__id, personal, work) VALUES ('pfvGq0eZdnFSqw9I', '64798c213f273a7ca2cf516c', '8764255212', '2762135091');
DELETE FROM student.students WHERE _id = '64798c213f273a7ca2cf516a';
INSERT INTO student.students (_id, age, name, subject) VALUES ('64798c213f273a7ca2cf516d', 19, 'Tevin Heathcote', 'English');
INSERT INTO employee.employees (_id, age, name, position, salary) VALUES ('64798c213f273a7ca2cf516e', 37, 'Wilson Gleason', 'Manager', 5042.121824095532);
INSERT INTO employee.employees_address (_id, employees__id, line1, zip) VALUES ('gR0RSoXs8LjFJflI', '64798c213f273a7ca2cf516e', '481 Harborsburgh', '89799');
INSERT INTO employee.employees_address (_id, employees__id, line1, zip) VALUES ('jhy2sZcudedGjGto', '64798c213f273a7ca2cf516e', '329 Flatside', '80872');
INSERT INTO employee.employees_phone (_id, employees__id, personal, work) VALUES ('pLS6XKJ2bBybDDdo', '64798c213f273a7ca2cf516e', '7678456640', '8130097989');
INSERT INTO employee.employees (_id, age, name, position, salary) VALUES ('64798c213f273a7ca2cf516f', 31, 'Linwood Wilkinson', 'Manager', 4514.763474407185);
INSERT INTO employee.employees_address (_id, employees__id, line1, zip) VALUES ('XP0RzlbjsfIqEdkP', '64798c213f273a7ca2cf516f', '96400 Landhaven', '41638');
INSERT INTO employee.employees_address (_id, employees__id, line1, zip) VALUES ('mVMxeSUFI9N5T9Et', '64798c213f273a7ca2cf516f', '3939 Lightburgh', '99747');
INSERT INTO employee.employees_phone (_id, employees__id, personal, work) VALUES ('b1BDdKkcrggNiBdW', '64798c213f273a7ca2cf516f', '1075027422', '1641587035');
INSERT INTO student.students (_id, age, name, subject) VALUES ('64798c213f273a7ca2cf5170', 18, 'Camren Thompson', 'Science');
INSERT INTO employee.employees (_id, age, name, position, salary) VALUES ('64798c213f273a7ca2cf5171', 31, 'Meaghan Hettinger', 'Engineer', 6676.956103628756);
INSERT INTO employee.employees_address (_id, employees__id, line1, zip) VALUES ('zXWZ2Fa9l6f5bRLf', '64798c213f273a7ca2cf5171', '51338 Landingbury', '74795');
INSERT INTO employee.employees_address (_id, employees__id, line1, zip) VALUES ('kKfj7HmicU0asUBA', '64798c213f273a7ca2cf5171', '79033 West Locksmouth', '43555');
INSERT INTO employee.employees_phone (_id, employees__id, personal, work) VALUES ('m2ZseTsFIyNnRxqG', '64798c213f273a7ca2cf5171', '4613562303', '1889316722');
UPDATE employee.employees SET age = 23 WHERE _id = '64798c213f273a7ca2cf5171';
ALTER TABLE employee.employees ADD workhours FLOAT;
INSERT INTO employee.employees (_id, age, name, position, salary, workhours) VALUES ('64798c213f273a7ca2cf5172', 20, 'Delta Bahringer', 'Developer', 2980.1271103167737, 6);
INSERT INTO employee.employees_address (_id, employees__id, line1, zip) VALUES ('iSRKr91UUurBTyu7', '64798c213f273a7ca2cf5172', '2787 Trackview', '23598');
INSERT INTO employee.employees_address (_id, employees__id, line1, zip) VALUES ('Kzkpk0kMYizTbysb', '64798c213f273a7ca2cf5172', '33659 South Mountainchester', '45086');
INSERT INTO employee.employees_phone (_id, employees__id, personal, work) VALUES ('zqL1rdOmEVvfBVvj', '64798c213f273a7ca2cf5172', '9829848796', '5636590993');
ALTER TABLE student.students ADD is_graduated BOOLEAN;
INSERT INTO student.students (_id, age, is_graduated, name, subject) VALUES ('64798c213f273a7ca2cf5173', 20, false, 'Freda Dare', 'Maths');
INSERT INTO student.students (_id, age, is_graduated, name, subject) VALUES ('64798c213f273a7ca2cf5174', 23, true, 'Kamille Jast', 'Maths');
INSERT INTO student.students (_id, age, is_graduated, name, subject) VALUES ('64798c213f273a7ca2cf5175', 19, false, 'Arden Kessler', 'Social Studies');
INSERT INTO employee.employees (_id, age, name, position, salary, workhours) VALUES ('64798c213f273a7ca2cf5176', 29, 'Chyna Kihn', 'Salesman', 6322.655857670963, 4);
INSERT INTO employee.employees_address (_id, employees__id, line1, zip) VALUES ('jQkpmMTH5yVRr3u6', '64798c213f273a7ca2cf5176', '403 Walksfurt', '75756');
INSERT INTO employee.employees_address (_id, employees__id, line1, zip) VALUES ('h7eColqs0DUGDqhL', '64798c213f273a7ca2cf5176', '5012 Port Branchberg', '21969');
INSERT INTO employee.employees_phone (_id, employees__id, personal, work) VALUES ('KGGCyoT0GLwRwgWU', '64798c213f273a7ca2cf5176', '1748534264', '2515301788');
INSERT INTO employee.employees (_id, age, name, position, salary, workhours) VALUES ('64798c213f273a7ca2cf5177', 38, 'Madie Klein', 'Engineer', 9811.365188057007, 5);
INSERT INTO employee.employees_address (_id, employees__id, line1, zip) VALUES ('uHshKMgKpEJeQPrp', '64798c213f273a7ca2cf5177', '73628 Port Knollchester', '97436');
INSERT INTO employee.employees_address (_id, employees__id, line1, zip) VALUES ('JfbgaAgacirj0mHf', '64798c213f273a7ca2cf5177', '93072 Lake Skywayhaven', '87218');
INSERT INTO employee.employees_phone (_id, employees__id, personal, work) VALUES ('Yw5PpNMMPGT2foas', '64798c213f273a7ca2cf5177', '1498807115', '9172896730');
